,Title,Company,Location,Time,Link
0,Teaching Assistant,Vibe Teaching,"London, England, United Kingdom",2022-04-21,https://uk.linkedin.com/jobs/view/teaching-assistant-at-vibe-teaching-3037623043?refId=iUhkMIUyaArR9dBAliVmFQ%3D%3D&trackingId=PkOYuZeXS%2BM0znL0ch6xuQ%3D%3D&position=1&pageNum=0&trk=public_jobs_jserp-result_search-card
1,Hourly Paid Teacher,British Council,"London, England, United Kingdom",2022-04-08,https://uk.linkedin.com/jobs/view/hourly-paid-teacher-at-british-council-3010658803?refId=iUhkMIUyaArR9dBAliVmFQ%3D%3D&trackingId=JmZdbcXd9LxvZOZj7Syo%2FQ%3D%3D&position=2&pageNum=0&trk=public_jobs_jserp-result_search-card
2,Primary School Teacher,Opogo,"London, England, United Kingdom",2022-04-05,https://uk.linkedin.com/jobs/view/primary-school-teacher-at-opogo-3005927906?refId=iUhkMIUyaArR9dBAliVmFQ%3D%3D&trackingId=NWw9EWzYNxciCaYieMkHyQ%3D%3D&position=3&pageNum=0&trk=public_jobs_jserp-result_search-card
3,Teacher of Spanish,E-ACT Crest Academy,"London, England, United Kingdom",2022-03-21,https://uk.linkedin.com/jobs/view/teacher-of-spanish-at-e-act-crest-academy-3030283610?refId=iUhkMIUyaArR9dBAliVmFQ%3D%3D&trackingId=amj1Amt53OAGe5NFEAtdWg%3D%3D&position=4&pageNum=0&trk=public_jobs_jserp-result_search-card
4,Primary School Teacher,Vibe Teaching,"London, England, United Kingdom",2021-11-09,https://uk.linkedin.com/jobs/view/primary-school-teacher-at-vibe-teaching-2768874241?refId=iUhkMIUyaArR9dBAliVmFQ%3D%3D&trackingId=SRH9nR5S%2F86%2B4wKQvWoHGA%3D%3D&position=5&pageNum=0&trk=public_jobs_jserp-result_search-card
5,Teacher of Academic Projects,King's College London Mathematics School,"London, England, United Kingdom",2022-04-15,https://uk.linkedin.com/jobs/view/teacher-of-academic-projects-at-king-s-college-london-mathematics-school-3028044438?refId=iUhkMIUyaArR9dBAliVmFQ%3D%3D&trackingId=l9dk2867NCdcBrCDtHKjTA%3D%3D&position=6&pageNum=0&trk=public_jobs_jserp-result_search-card
6,Student Success Advisor,Pearson,"London, England, United Kingdom",2022-03-13,https://uk.linkedin.com/jobs/view/student-success-advisor-at-pearson-3008981696?refId=iUhkMIUyaArR9dBAliVmFQ%3D%3D&trackingId=TvptmpSHMc5KYwWD2ZYLOw%3D%3D&position=7&pageNum=0&trk=public_jobs_jserp-result_search-card
7,Primary Teacher,n,"London, England, United Kingdom",2022-04-21,https://uk.linkedin.com/jobs/view/primary-teacher-at-n-3038369560?refId=iUhkMIUyaArR9dBAliVmFQ%3D%3D&trackingId=0XKHCyCk0gdFCvZQcCH1ZA%3D%3D&position=8&pageNum=0&trk=public_jobs_jserp-result_search-card
8,English Teacher,The London Teaching Pool,"London, England, United Kingdom",2022-04-20,https://uk.linkedin.com/jobs/view/english-teacher-at-the-london-teaching-pool-3035998324?refId=iUhkMIUyaArR9dBAliVmFQ%3D%3D&trackingId=EJ%2FkdtBRFWcs%2FXYXfORyyA%3D%3D&position=9&pageNum=0&trk=public_jobs_jserp-result_search-card
9,Teacher,St. Jérôme Church of England Bilingual School,"London, England, United Kingdom",2022-04-06,https://uk.linkedin.com/jobs/view/teacher-at-st-j%C3%A9r%C3%B4me-church-of-england-bilingual-school-3011758242?refId=iUhkMIUyaArR9dBAliVmFQ%3D%3D&trackingId=lzchvIq12I5pJhF6mYjn9Q%3D%3D&position=10&pageNum=0&trk=public_jobs_jserp-result_search-card
10,Teacher,STEP Academy Trust,"Bromley, England, United Kingdom",2022-04-07,https://uk.linkedin.com/jobs/view/teacher-at-step-academy-trust-3014051719?refId=iUhkMIUyaArR9dBAliVmFQ%3D%3D&trackingId=QJ5rU4jv2G1hDB4jUldqmg%3D%3D&position=11&pageNum=0&trk=public_jobs_jserp-result_search-card
11,Teaching Assistant,Blackfen,"London, England, United Kingdom",2022-04-02,https://uk.linkedin.com/jobs/view/teaching-assistant-at-blackfen-3002797460?refId=iUhkMIUyaArR9dBAliVmFQ%3D%3D&trackingId=LwhQkoBoi8ynb1786sAARA%3D%3D&position=12&pageNum=0&trk=public_jobs_jserp-result_search-card
12,Tutor,Tutor Doctor Greenwich,"London, England, United Kingdom",2022-04-20,https://uk.linkedin.com/jobs/view/tutor-at-tutor-doctor-greenwich-3035934913?refId=iUhkMIUyaArR9dBAliVmFQ%3D%3D&trackingId=p1SsBtvhQQlvIMGePay7fA%3D%3D&position=13&pageNum=0&trk=public_jobs_jserp-result_search-card
13,Teaching Assistant - Camden,Academics Ltd,"London, England, United Kingdom",2022-04-21,https://uk.linkedin.com/jobs/view/teaching-assistant-camden-at-academics-ltd-3038334151?refId=iUhkMIUyaArR9dBAliVmFQ%3D%3D&trackingId=vHq%2BpDCc%2B04Qw%2FIVEzs7WQ%3D%3D&position=14&pageNum=0&trk=public_jobs_jserp-result_search-card
14,Support Officer (Student and Teaching),The London School of Economics and Political Science (LSE),"London, England, United Kingdom",2022-04-11,https://uk.linkedin.com/jobs/view/support-officer-student-and-teaching-at-the-london-school-of-economics-and-political-science-lse-2976504965?refId=iUhkMIUyaArR9dBAliVmFQ%3D%3D&trackingId=%2B2s4gRbHNYsdMyQShlrxug%3D%3D&position=15&pageNum=0&trk=public_jobs_jserp-result_search-card
15,Teaching Assistant,The Kingston Academy,"Kingston upon Thames, England, United Kingdom",2022-03-30,https://uk.linkedin.com/jobs/view/teaching-assistant-at-the-kingston-academy-2998409614?refId=iUhkMIUyaArR9dBAliVmFQ%3D%3D&trackingId=dmdAW1xuDM4Sh%2FvvgHnm7A%3D%3D&position=16&pageNum=0&trk=public_jobs_jserp-result_search-card
16,Teachers,Clarus Education,"London, England, United Kingdom",2022-04-05,https://uk.linkedin.com/jobs/view/teachers-at-clarus-education-3009870733?refId=iUhkMIUyaArR9dBAliVmFQ%3D%3D&trackingId=ZgHyqxMrXce1UQmS6FwKOQ%3D%3D&position=17&pageNum=0&trk=public_jobs_jserp-result_search-card
17,International School Teachers,Equal Education Partners,"London, England, United Kingdom",2022-03-24,https://uk.linkedin.com/jobs/view/international-school-teachers-at-equal-education-partners-3031015430?refId=iUhkMIUyaArR9dBAliVmFQ%3D%3D&trackingId=TTCcJ71bRi4e%2Ba7we0Cwhw%3D%3D&position=18&pageNum=0&trk=public_jobs_jserp-result_search-card
18,Primary Teaching Assistant,ASQ Education,"London, England, United Kingdom",2022-03-30,https://uk.linkedin.com/jobs/view/primary-teaching-assistant-at-asq-education-2992795447?refId=iUhkMIUyaArR9dBAliVmFQ%3D%3D&trackingId=hwyd%2FSRcRJ0lWiVc1OLgWw%3D%3D&position=19&pageNum=0&trk=public_jobs_jserp-result_search-card
